v2.id,title,description,preconditions,postconditions,tags,priority,severity,type,behavior,automation,status,is_flaky,layer,steps_type,steps_actions,steps_result,steps_data,milestone_id,milestone,suite_id,suite_parent_id,suite,suite_without_cases,parameters,is_muted
,,,,,,,,,,,,,,,,,,,,1,,Autentificación,1
1,"Login: Successful login with valid credentials","Login exitoso con credenciales válidas.","- usuario registrado previamente bajo el correo: [<u>correoregistrado@gmail.com.ar</u>](mailto:correoregistrado@gmail.com.ary) y contraseña:Registrado123.
- La cuenta no tiene intentos fallidos previos ni está bloqueada.","- El usuario se encuentra autenticado y dentro de su cuenta (sesión activa).
- El sistema registró el inicio de sesión exitoso (si hay logs de auditoría).
- El contador de intentos fallidos está en cero (no se incrementó por este caso).",,high,critical,other,positive,is-not-automated,actual,no,unknown,classic,"1. ""Ingreso a la URL:www.miscompras.com.ar""
2. ""Seleccionar la opci\u00f3n \u2018\u2019Login\u2019\u2019""
3. ""Ingresar correo: \u2018\u2019[<u>correoregistrado@gmail.com.ar<\/u>](mailto:correoregistrado@gmail.com.ary)\u2019\u2019""
4. ""Ingresar contrase\u00f1a: \u2018\u2019Registrado123\u2019\u2019""
5. ""Seleccionar el bot\u00f3n 'Iniciar sesi\u00f3n\u2019""
","1. """"
2. """"
3. """"
4. """"
5. ""El sistema redirige al usuario al dashboard en[ <u>www.miscompras.com.ar\/dashboard<\/u>](http:\/\/www.miscompras.com.ar\/dashboard), mostrando su nombre o datos de bienvenida.""
","1. """"
2. """"
3. """"
4. """"
5. """"
",,,1,,Autentificación,,,no
2,"Login with an unregistered user","Verificar que se impide el acceso de una cuenta sin registrar","usuario no registrado",,,undefined,normal,other,undefined,is-not-automated,actual,no,unknown,classic,,,,,,1,,Autentificación,,,no
3,"Password hidden",,,,,undefined,normal,other,undefined,is-not-automated,actual,no,unknown,classic,,,,,,1,,Autentificación,,,no
5,"Login with an incorrect password (pending)",,,,,undefined,normal,other,undefined,is-not-automated,actual,no,unknown,classic,,,,,,1,,Autentificación,,,no
6,"Account lockout after 3 failed attempts (pending)",,,,,undefined,normal,other,undefined,is-not-automated,actual,no,unknown,classic,,,,,,1,,Autentificación,,,no
